<rss version="2.0" xmlns:atom="http://www.w3.org/2005/Atom">
  <channel>
    <title>My New Hugo Site – File Format APIs for .NET Core, Java, C&#43;&#43;, Android</title>
    <link>http://products.aspose.com/</link>
    <description>Recent content in File Format APIs for .NET Core, Java, C&#43;&#43;, Android on My New Hugo Site</description>
    <generator>Hugo -- gohugo.io</generator>
    <language>en-us</language>
    
	  <atom:link href="http://products.aspose.com/index.xml" rel="self" type="application/rss+xml" />
    
    
      
      
    
    
  </channel>
</rss>
